QTD_CHOC,VAR_1,PESO_BOMBOM,VAR_2
320.15,0.88,10.1449193988029,0
320.14,1.55,11.5470274083699,0
284.85,2.97,11.1121089476239,0
333.76,2.0,11.7546160270807,0
316.43,2.96,12.0496457856071,0
339.08,1.39,10.9115354457893,0
344.98,0.52,10.1470420512096,0
354.18,2.17,12.0533339400432,0
352.62,2.72,13.2178204897097,0
324.5,2.95,12.1865210000365,0
292.14,1.04,10.5635100013154,0
306.39,2.98,11.6502427522042,0
291.53,1.15,9.45885247767979,0
344.5,2.53,12.3906994497046,0
359.48,2.13,12.9245957440629,0
357.75,2.37,12.6460735137721,0
291.49,2.12,10.9681756101596,0
314.29,2.9,11.8330018210834,0
350.19,2.92,13.0702280905064,0
334.89,0.83,10.2684468712184,0
321.55,2.63,12.1675343628469,0
320.2,2.84,12.0240899147538,0
304.26,1.72,11.2027705101948,0
324.2,0.89,11.5615504693175,0
333.61,1.47,11.3494031303844,0
321.25,2.22,11.7755482265605,0
355.54,2.22,13.0711511264461,0
308.78,1.92,10.8487685993012,0
302.35,2.07,11.2295658000379,0
356.88,1.82,12.8114522640059,0
320.74,2.62,12.4708727893393,0
341.66,2.67,12.2985445882707,0
297.9,2.4,11.6975961709996,0
287.1,2.94,11.4411993226614,0
333.44,2.96,14.2925232433786,0
309.9,1.94,11.0609397999685,0
325.25,1.68,11.1726472628398,0
304.78,1.23,10.4088334993674,0
288.08,2.79,11.0833807431139,0
346.37,2.01,12.2936973179048,0
345.28,2.75,12.459449026928,0
284.12,2.25,13.6674507882318,0
334.51,1.18,11.3792020311696,0
345.44,1.21,11.9890396056552,0
315.08,1.18,10.5439475867773,0
348.48,2.89,13.455523266581,0
358.58,2.5,12.8889634371263,0
348.68,2.3,13.1623863853414,0
331.99,2.57,11.9925628339325,0
294.47,1.67,10.575944176606,0
329.57,2.84,12.109740436071,0
346.12,2.94,13.6549194355524,0
326.75,1.06,12.6401073550813,0
308.11,1.35,10.5510816618705,0
345.66,0.93,10.8974592811887,0
303.18,2.21,11.3897420189269,0
325.86,0.76,10.587100102821,0
341.48,2.77,12.5239850709386,0
348.92,1.97,11.8302225099583,0
359.6,1.41,12.0949030183264,0
308.38,0.21,9.03169763490852,0
322.12,2.08,11.4655046452181,0
288.42,1.72,11.2225195596026,0
353.8,1.27,11.50636313561,0
320.73,2.51,11.782630444117,0
336.97,1.19,11.0110848515947,0
318.97,2.74,11.7668434439304,0
289.78,2.12,10.9837068643132,0
303.85,2.22,11.4162488386782,0
356.05,1.03,10.940115344328,0
298.61,2.95,11.7604751167124,0
293.75,1.05,9.78279047002542,0
331.73,2.27,12.3701954203079,0
325.1,2.16,11.5379591811527,0
347.93,2.94,13.7312364112835,0
306.6,1.45,10.2369617179325,0
332.86,1.7,11.0893273045461,0
315.51,2.66,11.7025883837394,0
336.67,2.31,12.2761760272825,0
300.59,2.65,11.2829307202785,0
307.71,1.71,11.3718584421302,0
331.94,1.62,11.2846735465657,0
337.08,2.51,12.3629849509851,0
333.75,2.16,11.7455692071416,0
314.49,2.86,12.4462928352935,0
301.76,2.23,10.8615838505328,0
342.03,2.34,12.3549527368602,0
307.13,1.56,10.4100911920669,0
336.3,2.61,13.5247029013832,0
351.16,2.67,12.573194856554,0
355.38,2.74,12.714247363367,0
322.84,1.57,11.3408115186714,0
317.21,2.76,11.907124101859,0
341.43,2.93,12.8909588572546,0
309.28,2.54,12.064136041709,0
338.77,2.37,12.1422213092855,0
287.78,1.59,9.91442953256486,0
299.13,1.22,9.88224987016586,0
359.71,2.89,13.3515481643862,0
343.68,2.52,12.5630787036122,0
330.65,2.52,12.0809456179694,0
311.85,2.86,12.6133244252741,0
316.6,2.45,11.5105970481763,0
340.32,2.6,12.3331104122721,0
283.05,2.28,10.7019003572136,0
345.93,2.72,12.6837285209965,0
297.15,2.0,11.8557151862376,0
287.3,2.92,11.1152059339841,0
339.16,2.04,11.5216083285505,0
307.09,2.76,11.7323832306508,0
337.16,0.31,10.0783182807695,0
327.38,2.75,12.1369026208712,0
301.19,2.87,11.7042735628892,0
341.41,1.63,12.2461782701388,0
291.54,2.31,10.803910531571,0
321.7,0.32,10.6544625641012,0
294.81,1.6,10.117216708882,0
329.11,2.48,11.7140776241668,0
303.38,0.67,9.55380929579341,0
322.78,1.76,11.6817131359168,0
319.73,2.65,11.7182418910968,0
315.1,1.95,11.7822809775071,0
296.53,1.53,10.8885803087246,0
287.66,2.44,11.1523910796993,0
358.31,0.23,10.3977433011126,0
328.53,1.53,10.8407923848695,0
349.44,2.63,12.9510720375847,0
304.43,2.97,11.6786921580201,0
331.57,2.91,13.6770570763313,0
295.16,2.04,10.4300476790712,0
315.13,1.24,10.312447697104,0
344.12,2.08,12.4679464506291,0
335.9,2.84,12.2883016731535,0
339.56,2.34,11.9830430062404,0
352.52,2.5,12.3677201018651,0
357.21,2.25,12.3427204072486,0
332.51,2.4,13.4314916295055,0
303.32,1.47,10.5430497949119,0
345.55,2.76,12.4733283248559,0
326.28,0.41,10.9757135966924,0
281.32,2.73,11.1676821308799,0
321.92,2.25,11.7718191254689,0
356.82,0.57,10.8189722628848,0
290.22,1.9,10.6136584549086,0
341.55,1.76,12.8568376819065,0
339.78,1.38,10.8932440919396,0
304.32,2.46,11.365305264624,0
351.33,1.9,12.4225756875553,0
321.46,2.13,11.8859033852826,0
324.73,2.84,12.3844586408787,0
290.76,1.58,10.0175608662145,0
291.58,2.41,10.8177065130184,0
295.74,1.92,10.6402850338989,0
341.39,2.48,12.3991391044749,0
300.53,2.59,11.1779725865735,0
301.01,1.59,10.4714935478608,0
331.41,2.6,12.0485043370049,0
309.3,2.91,12.6867130320021,0
283.19,1.85,8.72260011035066,1
319.19,2.34,9.96304149181601,1
350.79,2.47,10.5264797426247,1
302.87,2.62,10.7677875793086,1
328.53,2.29,9.95581000547676,1
269.19,2.93,11.0037620205949,1
326.9,2.98,11.3735660316899,1
232.2,2.64,9.53309936983092,1
214.42,2.32,8.63810824616994,1
436.07,1.69,10.6545521017371,1
279.79,1.91,8.81063504237051,1
151.29,2.59,8.21789111981001,1
296.05,2.04,9.10349550197126,1
196.33,2.79,9.29083923169605,1
287.67,2.3,9.03689925778389,1
316.44,0.79,8.92260425906958,1
320.57,0.46,8.72886020175019,1
316.46,1.96,9.51517909511939,1
343.32,1.94,9.99674121091772,1
293.17,2.92,10.9323659238177,1
288.35,1.34,8.72350165083082,1
240.78,2.07,8.22217689448038,1
290.11,2.16,9.28962908305287,1
317.82,2.16,10.0149566903556,1
351.56,2.64,10.8701925517272,1
376.13,2.96,12.2569376546892,1
356.42,1.66,9.52872359179169,1
274.44,0.05,8.08782599198493,1
302.73,2.07,9.25869519672257,1
298.32,1.97,9.10182471230302,1
286.1,1.93,9.16791108252937,1
338.28,1.41,9.35833280350928,1
244.5,2.49,9.10080908527671,1
195.79,2.86,9.42174834788554,1
300.95,2.63,10.4312839760731,1
324.54,2.64,10.5131431208948,1
330.32,0.85,8.80386269731238,1
308.01,1.5,8.49344945218082,1
317.69,2.75,11.0060801805126,1
286.62,2.88,10.9241631483826,1
228.71,2.59,9.14170284488421,1
293.79,2.44,9.60237790701904,1
310.55,0.81,8.37308023089943,1
271.69,1.66,8.40521019916166,1
364.0,1.75,9.61581485472445,1
277.42,2.01,8.87126138901059,1
331.72,2.74,11.0962062965345,1
297.56,0.73,8.32295288889622,1
257.04,1.62,8.34306077645774,1
368.19,2.96,11.7986910089277,1
346.4,2.22,10.3252321405219,1
373.4,2.47,11.3821213695501,1
337.88,2.83,11.4058418497464,1
416.63,2.43,11.233568071247,1
419.63,2.24,11.3347689655843,1
311.3,2.82,11.058012392381,1
317.98,0.31,8.53322788993632,1
306.65,2.66,10.3892017499462,1
295.86,0.62,8.08188231336556,1
310.71,1.8,9.27289571949181,1
305.83,2.49,9.96704251150199,1
280.22,2.91,10.8095066187151,1
248.29,2.8,9.93149945332409,1
112.91,2.05,6.96342998713636,1
338.4,1.34,9.18682529763555,1
317.7,2.91,11.1848809482386,1
246.83,2.83,10.2811553074344,1
249.45,0.24,7.0140187376687,1
170.71,1.22,7.05776342458718,1
299.27,2.2,9.4841010503479,1
334.73,2.74,11.0376917135317,1
290.26,2.83,10.7606225207483,1
352.12,2.37,10.6314100644968,1
237.66,1.05,7.56574541183729,1
300.64,2.78,10.6424742179116,1
339.56,2.83,11.2250241273468,1
358.85,1.08,9.15832535893041,1
243.66,0.9,7.87314762062179,1
355.74,2.57,10.9381274548296,1
291.17,0.96,8.37339137586284,1
254.03,1.26,7.7915828176281,1
314.38,0.86,8.32609909787911,1
301.18,0.78,8.56035171206995,1
332.72,0.84,8.74657638748683,1
211.74,2.92,9.92728859341578,1
372.38,1.71,9.97989064554707,1
277.75,2.49,9.40951074543767,1
232.99,1.87,8.02179475324921,1
343.8,2.32,10.1637434403016,1
285.41,2.49,9.68731643589571,1
245.41,0.96,7.51882031957811,1
207.4,0.98,7.33531619918134,1
294.55,1.52,8.88760775764865,1
350.49,2.33,10.6636782677905,1
296.21,2.67,10.4346136698997,1
321.88,2.98,11.4357176638092,1
233.86,1.78,8.25499996965312,1
331.07,2.91,11.1054896039465,1
257.22,2.8,10.213801651827,1
246.39,2.57,9.7407802656026,1
296.16,0.98,8.35953183171898,1
265.33,2.63,9.70663480115807,1
310.68,1.47,8.79317477247491,1
236.75,1.4,7.44731567477168,1
348.18,1.84,9.49392081412967,1
325.92,2.11,9.5015386642814,1
356.56,2.81,11.5113332510859,1
297.09,2.71,10.3171014178133,1
301.49,2.82,10.7645905883923,1
311.31,1.16,8.80497977593262,1
299.87,1.34,9.12455215227641,1
260.69,1.73,8.00165136380124,1
271.88,1.69,8.33081894446749,1
277.48,2.0,8.91260797776669,1
316.35,1.88,9.60688659359207,1
328.37,1.18,9.02835666067629,1
345.08,2.9,11.2426179693449,1
311.31,2.72,10.8781273404737,1
271.53,2.28,9.47735429133817,1
263.39,2.72,9.77622358045534,1
258.83,2.93,11.0855218881477,1
199.55,1.76,7.71247780543117,1
274.58,2.39,9.23243086148411,1
263.63,1.34,8.16275258958176,1
344.22,2.87,11.2369563800448,1
379.37,0.27,9.3761757575364,1
334.38,2.86,10.9009998120855,1
270.52,2.48,9.7332873559685,1
247.08,2.88,10.6305826222542,1
305.33,2.98,11.5429430589892,1
327.11,1.23,8.82251206881625,1
281.07,2.45,9.14808283326783,1
300.82,2.7,10.4410310960856,1
252.24,2.86,10.3862443573168,1
227.37,2.11,8.62186759823381,1
414.61,0.77,9.98660682603623,1
250.93,0.79,8.00253637348054,1
273.32,1.02,8.05139630394299,1
337.47,2.65,10.7258957011476,1
324.77,0.93,8.80146548568904,1
293.56,1.21,8.29085539554426,1
264.25,2.11,8.80618978009897,1
249.03,1.38,7.88186014763855,1
271.65,2.07,9.3150965683293,1
293.11,2.89,10.6987318640158,1
296.43,2.58,9.95553492342677,1
275.28,1.97,8.72035714962926,1
362.43,2.07,10.0946169386617,1
277.36,2.7,10.6295097512771,1
345.84,2.74,10.9369958220806,1
355.99,2.93,11.5719146126341,1
227.19,2.84,9.67114603214356,1
316.06,2.59,10.5241827086898,1
178.15,2.78,9.44578533637428,1
319.34,0.8,8.42052441102518,1
333.62,2.35,9.81597467282358,1
245.45,2.1,8.18342795159924,1
330.98,2.72,11.1370289321865,1
318.29,1.99,9.40329993837825,1
311.54,2.71,10.7179855059994,1
338.64,2.47,10.3799113987673,1
270.65,2.63,9.87326123667277,1
286.34,2.28,9.49452085219112,1
227.09,2.63,9.30576132220057,1
315.56,1.89,9.19832132816234,1
263.92,2.36,9.90012292943129,2
276.22,2.98,10.0798224860925,2
274.96,2.33,9.60720326698681,2
227.67,2.45,9.03651343193361,2
277.31,2.8,10.5522631804831,2
262.6,2.85,9.82606755578388,2
300.04,2.02,10.3234889452474,2
197.22,2.86,9.22605488950765,2
278.56,2.8,10.3433135846704,2
225.18,2.42,10.1970398639662,2
264.76,0.08,10.6627668363527,2
323.97,2.85,10.4782107206503,2
200.81,2.64,9.90166332176456,2
270.48,2.51,9.21511689533596,2
297.61,1.09,11.7065696142284,2
249.67,2.5,11.2084075238078,2
277.91,2.35,9.5232701892438,2
269.93,2.38,9.58866008347989,2
249.01,2.6,10.2436932170065,2
279.79,2.25,11.4833777260018,2
256.11,1.55,9.41302589690862,2
277.22,2.23,12.3214639658983,2
247.85,2.53,10.0552040464154,2
276.09,2.83,9.72791011062767,2
298.37,1.71,10.603294761563,2
224.28,2.3,9.2319290518223,2
227.51,0.96,8.50168445166078,2
217.94,2.49,9.65642690719188,2
266.14,1.46,16.0947069242788,2
214.51,2.02,9.22217963549727,2
246.13,2.3,11.6477745280203,2
232.43,2.43,8.70918047219861,2
256.37,2.96,9.99433356657164,2
230.23,2.36,9.67250939012395,2
233.6,2.01,10.9573618086269,2
249.93,0.6,10.0459774407844,2
272.9,2.56,9.76220408249117,2
312.23,1.04,11.4479760285725,2
260.71,2.72,9.85664702410294,2
254.89,2.5,11.1776681662179,2
266.78,1.53,7.57816757694943,2
233.97,1.98,7.85389737879102,2
272.55,2.36,9.86306423909773,2
219.91,1.96,9.78466198479452,2
239.03,2.5,9.80852769462689,2
241.2,2.79,9.62060973210693,2
232.18,2.85,9.940715838987,2
252.67,1.42,12.6160617994098,2
337.09,2.89,10.5028554354147,2
228.13,2.97,9.79142370841754,2
291.19,2.98,10.2274910921254,2
232.07,1.9,8.85853893563772,2
221.67,2.77,9.82373622240845,2
231.67,2.89,10.0704180673303,2
250.44,2.34,10.4609624167064,2
231.77,1.7,8.96683942378547,2
219.89,2.66,9.57844123019485,2
247.66,1.16,7.7611945900646,2
307.65,1.72,7.86539210109981,2
239.35,2.29,10.1728812122311,2
287.66,2.17,10.2482647873021,2
258.56,2.1,10.0111018248977,2
231.73,2.4,9.33579774140506,2
258.54,2.71,9.75873865966254,2
299.73,0.67,7.3101118709882,2
245.92,1.63,11.8269993807606,2
297.93,2.68,10.3111851683952,2
279.35,2.8,10.0156242794257,2
273.7,0.92,10.8960928348099,2
215.2,2.94,9.830673942167,2
225.87,2.95,9.7704053689886,2
255.92,1.91,10.4262089780534,2
209.02,2.38,9.24649056919757,2
278.99,2.53,8.6036551508352,2
280.27,1.02,12.416408648415,2
247.02,1.33,7.79484217262684,2
191.84,0.96,4.54312426922104,2
334.07,2.59,10.1766022323933,2
260.6,2.41,10.5259547287008,2
263.76,1.01,14.8838799235548,2
281.38,2.78,10.6241093669832,2
280.78,2.36,11.3713251167477,2
202.75,0.54,14.155599607327,2
240.45,2.21,10.2816960652337,2
299.9,2.19,11.171337891737,2
268.76,2.51,9.07048984565261,2
260.24,2.56,9.47056628939733,2
288.28,2.5,10.6571624569159,2
193.35,2.68,10.5221998296614,2
285.6,2.03,7.0297213376812,2
287.47,0.53,6.39740897625757,2
272.03,0.73,6.47069731570973,2
219.54,1.4,17.3627283203053,2
285.98,2.83,10.4576539119938,2
225.04,2.64,10.1507350754979,2
257.16,2.25,10.4584015007986,2
315.84,2.48,10.3234195858019,2
305.3,2.22,10.0914313352214,2
244.03,2.65,10.7255927042217,2
202.83,2.73,9.29146263866513,2
263.4,2.33,9.81062701148693,2
277.68,1.24,7.67473516847341,2
239.94,2.74,9.0487672345527,2
285.27,2.05,11.5440664262756,2
256.78,0.78,7.74865247691997,2
236.43,2.51,10.9805700844626,2
312.04,1.12,8.43944992577261,2
246.62,2.22,11.7539709794536,2
276.95,2.68,9.95823110292661,2
276.25,2.72,10.1533444722364,2
294.06,1.59,11.4201947642887,2
232.6,1.62,11.5894196511606,2
249.83,2.55,9.34505052985039,2
216.53,1.23,10.2956778093143,2
276.36,2.32,11.3331751993407,2
277.7,1.17,17.1929024282066,2
256.73,0.41,7.21983688685636,2
234.72,2.85,9.54443707887928,2
237.41,1.11,10.6609173916586,2
253.3,1.06,7.17840485389402,2
310.55,2.44,9.52065270474627,2
206.05,2.98,9.60279180285493,2
294.23,2.81,10.7547908776499,2
247.21,2.19,10.2331275507295,2
279.89,2.77,10.0676060996389,2
213.56,1.55,7.18014446485285,2
306.33,2.77,10.2451880967311,2
194.45,2.51,8.32279642453068,2
269.54,1.04,8.7586281441803,2
290.31,2.53,9.73068671815993,2
229.4,1.67,8.40488946752534,2
232.61,1.86,8.4013998795839,2
261.99,1.91,11.3695633112849,2
318.63,1.35,11.4018068032793,2
277.04,2.86,10.2955325495494,2
256.95,1.69,9.92018645394482,2
316.31,2.64,10.01506175024,2
261.71,1.5,10.9475759248179,2
214.05,2.34,9.12403325161974,2
202.82,2.85,9.51801882414077,2
267.17,1.85,9.74409611141218,2
305.55,2.64,10.2777947795554,2
259.45,2.51,9.42717619037138,2
238.1,0.44,7.06279153588834,2
264.03,2.94,10.0870899506628,2
289.15,2.47,9.16821249511933,2
259.14,2.73,10.2349546270608,2
240.92,2.56,10.2207769830555,2
253.71,2.5,8.05132920910018,2
269.64,2.05,10.3677632066449,2
267.01,2.07,10.8094775596733,2
268.3,2.43,10.5101544186949,2
261.12,2.31,9.94838888477075,2
235.17,2.88,9.93124485146026,2
216.22,2.81,9.69771193469332,2
248.85,2.68,9.35167701684539,2
262.31,2.44,9.95676655331069,2
231.39,1.83,10.3135509462861,2
325.48,2.18,9.44092876827186,2
229.34,0.94,13.0076273281933,2
253.0,2.43,10.0444860336281,2
257.59,1.65,9.84505186960159,2
198.47,0.92,14.442110724244,2
262.62,2.49,8.67996765357841,2
220.12,2.46,9.15259129577839,2
280.63,1.92,10.7498722335743,2
297.91,2.15,10.0767109200523,2
226.1,0.63,12.1823912232021,2
242.2,2.06,9.40508722367273,2
269.85,2.3,11.4739033498658,2
239.75,2.46,10.2021778474484,2
259.31,2.9,10.0446098350766,2
283.62,2.7,9.63038120569569,2
302.44,2.13,8.82311912218381,2
207.69,2.23,10.5044737391582,2
259.67,2.91,9.99275642528447,2
311.08,0.38,6.12806009189674,2
